INSERT INTO NGUOIDUNG (UserID, Username, Email, MatKhau, TrinhDo, MucTieuK, MucTieuTV, NgayTaoTK, VaiTro, LanTruyCapCuoi) 
VALUES 
    ('U001', 'minh_nhat', 'nhat@gmail.com', 'pass123', 'N5', 0, 0, '2026-01-01', 0, '2026-04-26 08:30:00'),
    ('U002', 'thu_ha99', 'ha99@gmail.com', 'ha@2026', 'N5', 3, 2, '2026-01-05', 1, '2026-04-25 14:15:00'),
    ('U003', 'thanh_tung', 'tungt@gmail.com', 'tung999', 'N5', 5, 4, '2026-01-10', 1, '2026-04-26 10:00:00'),
    ('U004', 'kieu_anh', 'anhk@gmail.com', 'anh1234', 'N5', 3, 3, '2026-01-15', 1, '2026-04-24 19:20:00');

INSERT INTO BAIHOC (BaiHocID, TenBai, Loai, TrinhDo) 
VALUES 
    ('BH001', 'Giới thiệu bản thân', 'TuVung', 'N5'),
    ('BH002', 'Chữ Hán cơ bản 1', 'Kanji', 'N5'),
    ('BH003', 'Mua sắm và Giá cả', 'TuVung', 'N5'),
    ('BH004', 'Chữ Hán về Số đếm', 'Kanji', 'N5'),
    ('BH005', 'Hoạt động hàng ngày', 'TuVung', 'N5'),
    ('BH006', 'Thời gian và Ngày tháng', 'TuVung', 'N5'),
    ('BH007', 'Chữ Hán về Phương hướng', 'Kanji', 'N5'),
    ('BH008', 'Gia đình và Nghề nghiệp', 'TuVung', 'N5'),
    ('BH009', 'Chữ Hán về Thiên nhiên', 'Kanji', 'N5'),
    ('BH010', 'Giao thông vận tải', 'TuVung', 'N5');

INSERT INTO KANJI (KanjiID, KyTu, Nghia, BaiHocID, TrinhDo, SoNet, Image)
VALUES 
    ('KJ001', '一', 'Nhất (số 1)', 'BH004', 'N5', 1, 'https://www.pinterest.com/pin/827888344041635237/'),
    ('KJ002', '二', 'Nhị (số 2)', 'BH004', 'N5', 2, 'https://www.pinterest.com/pin/827888344041635237/'),
    ('KJ003', '三', 'Tam (số 3)', 'BH004', 'N5', 3, 'https://www.pinterest.com/pin/827888344041635237/'),
    ('KJ004', '日', 'Nhật (ngày, mặt trời)', 'BH009', 'N5', 4, 'https://www.pinterest.com/pin/827888344041635237/'),
    ('KJ005', '月', 'Nguyệt (tháng, mặt trăng)', 'BH009', 'N5', 4, 'https://www.pinterest.com/pin/827888344041635237/'),
    ('KJ006', '木', 'Mộc (cây)', 'BH009', 'N5', 4, 'https://www.pinterest.com/pin/827888344041635237/'),
    ('KJ007', '山', 'Sơn (núi)', 'BH009', 'N5', 3, 'https://www.pinterest.com/pin/827888344041635237/'),
    ('KJ008', '川', 'Xuyên (sông)', 'BH009', 'N5', 3, 'https://www.pinterest.com/pin/827888344041635237/'),
    ('KJ009', '人', 'Nhân (người)', 'BH002', 'N5', 2, 'https://www.pinterest.com/pin/827888344041635237/'),
    ('KJ010', '学', 'Học (học tập)', 'BH002', 'N5', 8, 'https://www.pinterest.com/pin/827888344041635237/'),
    ('KJ011', '生', 'Sinh (học sinh, sống)', 'BH007', 'N5', 5, 'https://www.pinterest.com/pin/827888344041635237/'),
    ('KJ012', '行', 'Hành (đi)', 'BH002', 'N5', 6, 'https://www.pinterest.com/pin/827888344041635237/'),
    ('KJ013', '来', 'Lai (đến)', 'BH002', 'N5', 7, 'https://www.pinterest.com/pin/827888344041635237/'),
    ('KJ014', '食', 'Thực (ăn)', 'BH002', 'N5', 9, 'https://www.pinterest.com/pin/827888344041635237/'),
    ('KJ015', '見', 'Kiến (nhìn)', 'BH007', 'N5', 7, 'https://www.pinterest.com/pin/827888344041635237/'),
    ('KJ016', '先', 'Tiên', 'BH007', 'N5', 6, 'https://www.pinterest.com/pin/827888344041635237/'),
    ('KJ017', '本', 'Bổn', 'BH002', 'N5', 5, 'https://www.pinterest.com/pin/827888344041635237/'),
    ('KJ018', '語', 'Ngữ', 'BH002', 'N5', 14, 'https://www.pinterest.com/pin/827888344041635237/'),
    ('KJ019', '校', 'Giáo', 'BH002', 'N5', 10, 'https://www.pinterest.com/pin/827888344041635237/');
INSERT INTO AUDIO (AudioID, Audio) 
VALUES 
    ('AU_001', 'https://www.youtube.com/watch?v=dQw4w9WgXcQ&list=RDdQw4w9WgXcQ&start_radio=1'),
    ('AU_002', 'https://www.youtube.com/watch?v=dQw4w9WgXcQ&list=RDdQw4w9WgXcQ&start_radio=1'),
    ('AU_003', 'https://www.youtube.com/watch?v=dQw4w9WgXcQ&list=RDdQw4w9WgXcQ&start_radio=1'),
    ('AU_004', 'https://www.youtube.com/watch?v=dQw4w9WgXcQ&list=RDdQw4w9WgXcQ&start_radio=1'),
    ('AU_005', 'https://www.youtube.com/watch?v=dQw4w9WgXcQ&list=RDdQw4w9WgXcQ&start_radio=1'),
    ('AU_006', 'https://www.youtube.com/watch?v=dQw4w9WgXcQ&list=RDdQw4w9WgXcQ&start_radio=1'),
    ('AU_007', 'https://www.youtube.com/watch?v=dQw4w9WgXcQ&list=RDdQw4w9WgXcQ&start_radio=1'),
    ('AU_008', 'https://www.youtube.com/watch?v=dQw4w9WgXcQ&list=RDdQw4w9WgXcQ&start_radio=1'),
    ('AU_009', 'https://www.youtube.com/watch?v=dQw4w9WgXcQ&list=RDdQw4w9WgXcQ&start_radio=1'),
    ('AU_010', 'https://www.youtube.com/watch?v=dQw4w9WgXcQ&list=RDdQw4w9WgXcQ&start_radio=1');
INSERT INTO TUVUNG (TuVungID, TuVung, CachDoc, Nghia, BaiHocID, ViDuJan, TrinhDo, ViDuViet, AudioID)
VALUES 
    ('TV0001', '先生', 'せんせい', 'Giáo viên', 'BH008', '先生は日本人です。', 'N5', 'Giáo viên là người Nhật.', 'AU_001'),
    ('TV0002', '学生', 'がくせい', 'Học sinh', 'BH008', '私は学生です internos.', 'N5', 'Tôi là học sinh.', 'AU_002'),
    ('TV0003', '学校', 'がっこう', 'Trường học', 'BH008', '学校へ行きます。', 'N5', 'Tôi đi đến trường.', 'AU_003'),
    ('TV0004', '食べる', 'たべる', 'Ăn', 'BH005', 'パンを食べます nội dung mới.', 'N5', 'Tôi ăn bánh mì.', 'AU_004'),
    ('TV0005', '本', 'ほん', 'Sách', 'BH010', 'これは本です。', 'N5', 'Đây là cuốn sách.', 'AU_005'),
    ('TV0006', '水', 'みず', 'Nước', 'BH005', '水を飲みます。', 'N5', 'Tôi uống nước.', 'AU_006'),
    ('TV0007', '日本語', 'にほんご', 'Tiếng Nhật', 'BH001', '日本語を勉強します。', 'N5', 'Tôi học tiếng Nhật.', 'AU_007'),
    ('TV0008', '友達', 'ともだち', 'Bạn bè', 'BH003', '友達と遊びます。', 'N5', 'Tôi đi chơi với bạn.', 'AU_008'),
    ('TV0009', '大きい', 'おおきi', 'Lớn/To', 'BH006', 'この家は大きいです。', 'N5', 'Ngôi nhà này lớn.', 'AU_009'),
    ('TV0010', '猫', 'ねこ', 'Con mèo', 'BH003', '猫が好きです', 'N5', 'Tôi thích mèo.', 'AU_010');
INSERT INTO TUVUNGKANJI (TuVungID, KanjiID, MoTa) 
VALUES 
    ('TV0001', 'KJ016', 'Chữ "Tiên" trong từ "Tiên sinh"'),
    ('TV0001', 'KJ011', 'Chữ "Sinh" trong từ "Tiên sinh"'),
    ('TV0002', 'KJ010', 'Chữ "Học" trong từ "Học sinh"'),
    ('TV0002', 'KJ011', 'Chữ "Sinh" trong từ "Học sinh"'),
    ('TV0007', 'KJ004', 'Chữ "Nhật"'),
    ('TV0007', 'KJ017', 'Chữ "Bản/Bổn"'),
    ('TV0007', 'KJ018', 'Chữ "Ngữ"'),
    ('TV0003', 'KJ010', 'Chữ "Học" trong từ "Trường học"'),
    ('TV0003', 'KJ019', 'Chữ "Hiệu" trong từ "Trường học"');
INSERT INTO CACHDOCKANJI (CachDocID, KanjiID, CachDoc, Loai, DoPhoBien) 
VALUES 
    ('CD001', 'KJ001', 'イチ (Ichi)', 'Onyomi', '1'),
    ('CD002', 'KJ001', 'ひと.つ', 'Kunyomi', '1'),
    ('CD003', 'KJ002', 'ニ (Ni)', 'Onyomi', '1'),
    ('CD004', 'KJ002', 'ふた.つ', 'Kunyomi', '1'),
    ('CD005', 'KJ003', 'サン (San)', 'Onyomi', '1'),
    ('CD006', 'KJ003', 'みっ.つ', 'Kunyomi', '1'),
    ('CD007', 'KJ004', 'ニチ (Nichi)', 'Onyomi', '1'),
    ('CD008', 'KJ004', 'ひ (Hi)', 'Kunyomi', '1'),
    ('CD009', 'KJ005', 'ゲツ (Getsu)', 'Onyomi', '1'),
    ('CD010', 'KJ005', 'つき (Tsuki)', 'Kunyomi', '1'),
    ('CD011', 'KJ006', 'モク (Moku)', 'Onyomi', '1'),
    ('CD012', 'KJ006', 'き (Ki)', 'Kunyomi', '1'),
    ('CD013', 'KJ007', 'サン (San)', 'Onyomi', '1'),
    ('CD014', 'KJ007', 'やま (Yama)', 'Kunyomi', '1'),
    ('CD015', 'KJ008', 'セン (Sen)', 'Onyomi', '1'),
    ('CD016', 'KJ008', 'かわ (Kawa)', 'Kunyomi', '1'),
    ('CD017', 'KJ009', 'ジン (Jin)', 'Onyomi', '1'),
    ('CD018', 'KJ009', 'ひと (Hito)', 'Kunyomi', '1'),
    ('CD019', 'KJ010', 'ガク (Gaku)', 'Onyomi', '1'),
    ('CD020', 'KJ011', 'セイ (Sei)', 'Onyomi', '1'),
    ('CD021', 'KJ011', 'い.きる', 'Kunyomi', '1'),
    ('CD022', 'KJ012', 'コウ (Kou)', 'Onyomi', '1'),
    ('CD023', 'KJ012', 'い.く', 'Kunyomi', '1'),
    ('CD024', 'KJ013', 'ライ (Rai)', 'Onyomi', '1'),
    ('CD025', 'KJ013', 'く.る', 'Kunyomi', '1'),
    ('CD026', 'KJ014', 'ショク (Shoku)', 'Onyomi', '1'),
    ('CD027', 'KJ014', 'た.べる', 'Kunyomi', '1'),
    ('CD028', 'KJ015', 'ケン (Ken)', 'Onyomi', '1'),
    ('CD029', 'KJ015', 'み.る', 'Kunyomi', '1'),
    ('CD030', 'KJ016', 'セン (Sen)', 'Onyomi', '1'),
    ('CD031', 'KJ016', 'さき (Saki)', 'Kunyomi', '1'),
    ('CD032', 'KJ017', 'ホン (Hon)', 'Onyomi', '1'),
    ('CD033', 'KJ018', 'ゴ (Go)', 'Onyomi', '1'),
    ('CD034', 'KJ019', 'コウ (Kou)', 'Onyomi', '1');
INSERT INTO TIENDOHANGNGAY (TienDoID, UserID, NgayHoc, SoLuongTuVungDaHoc, SoLuongKanjiDaHoc, TrangThai) 
VALUES 
    ('TD001', 'U002', '2026-04-24', 3, 2, '1'),
    ('TD002', 'U002', '2026-04-25', 3, 1, '0'),
    ('TD003', 'U003', '2026-04-24', 5, 4, '1'),
    ('TD004', 'U003', '2026-04-25', 5, 4, '1'),
    ('TD005', 'U004', '2026-04-25', 3, 3, '1'),
    ('TD006', 'U004', '2026-04-26', 3, 2, '0');

INSERT INTO TRANGTHAIKANJI (UserID, KanjiID, NgayHocLanGanNhat, GhiChu, TrangThai) 
VALUES 
    ('U001', 'KJ001', NULL, NULL, 0),
    ('U001', 'KJ002', NULL, NULL, 0),
    ('U001', 'KJ003', NULL, NULL, 0),
    ('U001', 'KJ004', NULL, NULL, 0),
    ('U001', 'KJ005', NULL, NULL, 0),
    ('U001', 'KJ006', NULL, NULL, 0),
    ('U001', 'KJ007', NULL, NULL, 0),
    ('U001', 'KJ008', NULL, NULL, 0),
    ('U001', 'KJ009', NULL, NULL, 0),
    ('U001', 'KJ010', NULL, NULL, 0),
    ('U001', 'KJ011', NULL, NULL, 0),
    ('U001', 'KJ012', NULL, NULL, 0),
    ('U001', 'KJ013', NULL, NULL, 0),
    ('U001', 'KJ014', NULL, NULL, 0),
    ('U001', 'KJ015', NULL, NULL, 0),
    ('U001', 'KJ016', NULL, NULL, 0),
    ('U001', 'KJ017', NULL, NULL, 0),
    ('U001', 'KJ018', NULL, NULL, 0),
    ('U001', 'KJ019', NULL, NULL, 0),
    ('U002', 'KJ001', '2026-05-01', 'Đã thuộc', 2),
    ('U002', 'KJ002', '2026-05-01', 'Ghi nhớ tốt', 2),
    ('U002', 'KJ003', '2026-05-02', 'Thành thạo', 2),
    ('U002', 'KJ004', '2026-05-02', 'Đã thuộc', 2),
    ('U002', 'KJ005', '2026-05-03', 'Thuộc mặt chữ', 2),
    ('U002', 'KJ006', '2026-05-03', 'Ghi nhớ tốt', 2),
    ('U002', 'KJ007', '2026-05-04', 'Đang luyện viết', 1),
    ('U002', 'KJ008', '2026-05-04', 'Hay quên âm Kun', 1),
    ('U002', 'KJ009', '2026-05-05', 'Đang học bài mới', 1),
    ('U002', 'KJ010', '2026-05-05', 'Cần ôn lại', 1),
    ('U002', 'KJ011', NULL, NULL, 0),
    ('U002', 'KJ012', NULL, NULL, 0),
    ('U002', 'KJ013', NULL, NULL, 0),
    ('U002', 'KJ014', NULL, NULL, 0),
    ('U002', 'KJ015', NULL, NULL, 0),
    ('U002', 'KJ016', NULL, NULL, 0),
    ('U002', 'KJ017', NULL, NULL, 0),
    ('U002', 'KJ018', NULL, NULL, 0),
    ('U002', 'KJ019', NULL, NULL, 0),
    ('U003', 'KJ001', '2026-05-06', 'Đã thuộc', 2),
    ('U003', 'KJ002', '2026-05-06', 'Ghi nhớ tốt', 2),
    ('U003', 'KJ003', '2026-05-07', 'Thành thạo', 2),
    ('U003', 'KJ004', '2026-05-07', 'Đã thuộc', 2),
    ('U003', 'KJ005', '2026-05-08', 'Thuộc mặt chữ', 2),
    ('U003', 'KJ006', '2026-05-08', 'Ghi nhớ tốt', 2),
    ('U003', 'KJ007', '2026-05-09', 'Thành thạo', 2),
    ('U003', 'KJ008', '2026-05-10', 'Đang ôn tập', 1),
    ('U003', 'KJ009', '2026-05-10', 'Khó nhớ bộ thủ', 1),
    ('U003', 'KJ010', '2026-05-10', 'Đang luyện âm On', 1),
    ('U003', 'KJ011', NULL, NULL, 0),
    ('U003', 'KJ012', NULL, NULL, 0),
    ('U003', 'KJ013', NULL, NULL, 0),
    ('U003', 'KJ014', NULL, NULL, 0),
    ('U003', 'KJ015', NULL, NULL, 0),
    ('U003', 'KJ016', NULL, NULL, 0),
    ('U003', 'KJ017', NULL, NULL, 0),
    ('U003', 'KJ018', NULL, NULL, 0),
    ('U003', 'KJ019', NULL, NULL, 0),
    ('U004', 'KJ001', '2026-05-05', 'Đã thuộc', 2),
    ('U004', 'KJ002', '2026-05-05', 'Ghi nhớ tốt', 2),
    ('U004', 'KJ003', '2026-05-06', 'Thành thạo', 2),
    ('U004', 'KJ004', '2026-05-06', 'Đã thuộc', 2),
    ('U004', 'KJ005', '2026-05-07', 'Thuộc mặt chữ', 2),
    ('U004', 'KJ006', '2026-05-07', 'Ghi nhớ tốt', 2),
    ('U004', 'KJ007', '2026-05-08', 'Đang luyện viết', 1),
    ('U004', 'KJ008', '2026-05-08', 'Hay nhầm nét', 1),
    ('U004', 'KJ009', '2026-05-09', 'Đang học', 1),
    ('U004', 'KJ010', '2026-05-09', 'Cần chú ý âm On', 1),
    ('U004', 'KJ011', NULL, NULL, 0),
    ('U004', 'KJ012', NULL, NULL, 0),
    ('U004', 'KJ013', NULL, NULL, 0),
    ('U004', 'KJ014', NULL, NULL, 0),
    ('U004', 'KJ015', NULL, NULL, 0),
    ('U004', 'KJ016', NULL, NULL, 0),
    ('U004', 'KJ017', NULL, NULL, 0),
    ('U004', 'KJ018', NULL, NULL, 0),
    ('U004', 'KJ019', NULL, NULL, 0);

INSERT INTO TRANGTHAITUVUNG (UserID, TuVungID, NgayHocLanGanNhat, GhiChu, TrangThai) 
VALUES 
    ('U001', 'TV0001', NULL, NULL, 0),
    ('U001', 'TV0002', NULL, NULL, 0),
    ('U001', 'TV0003', NULL, NULL, 0),
    ('U001', 'TV0004', NULL, NULL, 0),
    ('U001', 'TV0005', NULL, NULL, 0),
    ('U001', 'TV0006', NULL, NULL, 0),
    ('U001', 'TV0007', NULL, NULL, 0),
    ('U001', 'TV0008', NULL, NULL, 0),
    ('U001', 'TV0009', NULL, NULL, 0),
    ('U001', 'TV0010', NULL, NULL, 0),
    ('U002', 'TV0001', '2026-05-01', 'Đã thuộc', 2),
    ('U002', 'TV0002', '2026-05-02', 'Ghi nhớ tốt', 2),
    ('U002', 'TV0003', '2026-05-03', 'Đã nắm vững', 2),
    ('U002', 'TV0004', '2026-05-04', 'Cần ôn lại', 1),
    ('U002', 'TV0005', '2026-05-05', 'Đang luyện tập', 1),
    ('U002', 'TV0006', '2026-05-06', 'Khó nhớ', 1),
    ('U002', 'TV0007', '2026-05-07', 'Đang học bài mới', 1),
    ('U002', 'TV0008', NULL, NULL, 0),
    ('U002', 'TV0009', NULL, NULL, 0),
    ('U002', 'TV0010', NULL, NULL, 0),
    ('U003', 'TV0001', '2026-05-08', 'Đã thuộc', 2),
    ('U003', 'TV0002', '2026-05-08', 'Ghi nhớ tốt', 2),
    ('U003', 'TV0003', '2026-05-09', 'Đã nắm vững', 2),
    ('U003', 'TV0004', '2026-05-10', 'Đang luyện phát âm', 1),
    ('U003', 'TV0005', '2026-05-10', 'Cần xem lại cách viết', 1),
    ('U003', 'TV0006', '2026-05-10', 'Đang học', 1),
    ('U003', 'TV0007', NULL, NULL, 0),
    ('U003', 'TV0008', NULL, NULL, 0),
    ('U003', 'TV0009', NULL, NULL, 0),
    ('U003', 'TV0010', NULL, NULL, 0),
    ('U004', 'TV0001', '2026-05-05', 'Đã thuộc', 2),
    ('U004', 'TV0002', '2026-05-06', 'Ghi nhớ tốt', 2),
    ('U004', 'TV0003', '2026-05-07', 'Đã nắm vững', 2),
    ('U004', 'TV0004', '2026-05-08', 'Đang luyện tập', 1),
    ('U004', 'TV0005', '2026-05-09', 'Cần ôn lại', 1),
    ('U004', 'TV0006', '2026-05-10', 'Khó nhớ', 1),
    ('U004', 'TV0007', '2026-05-10', 'Đang học bài 5', 1),
    ('U004', 'TV0008', '2026-05-10', 'Đang học bài 6', 1),
    ('U004', 'TV0009', NULL, NULL, 0),
    ('U004', 'TV0010', NULL, NULL, 0);
INSERT INTO TIENDOHANGNGAYCHITIET (ChiTietID, TienDoID, KanjiID, TuVungID) 
VALUES 
    ('CT001', 'TD001', 'KJ001', NULL),
    ('CT002', 'TD001', 'KJ002', NULL),
    ('CT003', 'TD001', NULL, 'TV0001'),
    ('CT004', 'TD001', NULL, 'TV0002'),
    ('CT005', 'TD001', NULL, 'TV0003'),
    ('CT006', 'TD002', 'KJ003', NULL),
    ('CT007', 'TD002', NULL, 'TV0004'),
    ('CT008', 'TD002', NULL, 'TV0005'),
    ('CT009', 'TD002', NULL, 'TV0006'),
    ('CT010', 'TD003', 'KJ004', NULL),
    ('CT011', 'TD003', 'KJ005', NULL),
    ('CT012', 'TD003', 'KJ006', NULL),
    ('CT013', 'TD003', 'KJ007', NULL),
    ('CT014', 'TD003', NULL, 'TV0007'),
    ('CT015', 'TD003', NULL, 'TV0008'),
    ('CT016', 'TD003', NULL, 'TV0009'),
    ('CT017', 'TD003', NULL, 'TV0010'),
    ('CT018', 'TD004', NULL, 'TV0010'),
    ('CT019', 'TD004', 'KJ001', NULL),
    ('CT020', 'TD004', 'KJ002', NULL),
    ('CT021', 'TD004', 'KJ003', NULL),
    ('CT022', 'TD004', 'KJ004', NULL),
    ('CT023', 'TD004', NULL, 'TV0001'),
    ('CT024', 'TD004', NULL, 'TV0002'),
    ('CT025', 'TD004', NULL, 'TV0003'),
    ('CT026', 'TD004', NULL, 'TV0004'),
    ('CT027', 'TD004', NULL, 'TV0005'),
    ('CT028', 'TD005', 'KJ001', NULL),
    ('CT029', 'TD005', 'KJ002', NULL),
    ('CT030', 'TD005', 'KJ003', NULL),
    ('CT031', 'TD005', NULL, 'TV0001'),
    ('CT032', 'TD005', NULL, 'TV0002'),
    ('CT033', 'TD005', NULL, 'TV0003'),
    ('CT034', 'TD006', 'KJ015', NULL),
    ('CT035', 'TD006', 'KJ016', NULL),
    ('CT036', 'TD006', NULL, 'TV0004'),
    ('CT037', 'TD006', NULL, 'TV0005'),
    ('CT038', 'TD006', NULL, 'TV0006');
INSERT INTO BAITAPONTAP (BTOntapID, TenBaiTap, BaiHocID) 
VALUES 
    ('BT001', 'BaiTapTuVung1', 'BH001'),
    ('BT002', 'BaiTapKanji1', 'BH002'),
    ('BT003', 'BaiTapTuVung2', 'BH003'),
    ('BT004', 'BaiTapKanji4', 'BH004'),
    ('BT005', 'BaiTapTuVung3', 'BH005'),
    ('BT006', 'BaiTapTuVung4', 'BH006'),
    ('BT007', 'BaiTapKanji5', 'BH007'),
    ('BT008', 'BaiTapTuVung5', 'BH008'),
    ('BT009', 'BaiTapKanji6', 'BH009'),
    ('BT010', 'BaiTapTuVung6', 'BH010');
INSERT INTO NHATKYLAMBAI (LamBaiID, NgayLam, UserID, BTOntapID, SoLanLamBai, Diem) 
VALUES 
    (1, '2026-04-26 08:00', 'U004', 'BT001', 1, 10.0),
    (2, '2026-04-26 08:05', 'U004', 'BT002', 1, 5.0),
    (3, '2026-04-26 08:10', 'U002', 'BT001', 1, 10.0),
    (4, '2026-04-26 09:00', 'U004', 'BT002', 2, 10.0),
    (5, '2026-04-26 09:15', 'U003', 'BT004', 1, 5.0);	
INSERT INTO CAUHOI (CauHoiID, NoiDung, BTOntapID) 
VALUES 
    ('CH001', '先生', 'BT001'),
    ('CH002', '学生', 'BT001'),
    ('CH003', '先生', 'BT002'),
    ('CH004', '学生', 'BT002'),
    ('CH005', '会社員', 'BT003'),
    ('CH006', '銀行員', 'BT003'),
    ('CH007', '一つ', 'BT004'),
    ('CH008', '三つ', 'BT004'),
    ('CH009', '日本', 'BT005'),
    ('CH010', 'お国', 'BT005'),
    ('CH011', '食べる', 'BT006'),
    ('CH012', '飲む', 'BT006'),
    ('CH013', '日本人', 'BT007'),
    ('CH014', '本', 'BT007'),
    ('CH015', '行く', 'BT008'),
    ('CH016', '来る', 'BT008'),
    ('CH017', '食べる', 'BT009'),
    ('CH018', '行く', 'BT009'),
    ('CH019', '学校', 'BT010'),
    ('CH020', '勉強', 'BT010');

INSERT INTO CACLUACHON (LuaChonID, NoiDung, CauHoiID, DapAnDung) 
VALUES 
    ('LC001', 'Giáo viên', 'CH001', '1'),
    ('LC002', 'Học sinh', 'CH001', '0'),
    ('LC003', 'Bác sĩ', 'CH001', '0'),
    ('LC004', 'Kỹ sư', 'CH001', '0'),
    ('LC005', 'Học sinh', 'CH002', '1'),
    ('LC006', 'Thầy giáo', 'CH002', '0'),
    ('LC007', 'Nhân viên', 'CH002', '0'),
    ('LC008', 'Nội trợ', 'CH002', '0'),
    ('LC009', 'せんせい', 'CH003', '1'),
    ('LC010', 'がくせい', 'CH003', '0'),
    ('LC011', 'かいしゃいん', 'CH003', '0'),
    ('LC012', 'ぜんせい', 'CH003', '0'),
    ('LC013', 'がくせい', 'CH004', '1'),
    ('LC014', 'せんせい', 'CH004', '0'),
    ('LC015', 'がっせい', 'CH004', '0'),
    ('LC016', 'かくせい', 'CH004', '0'),
    ('LC017', 'Nhân viên công ty', 'CH005', '1'),
    ('LC018', 'Nhân viên ngân hàng', 'CH005', '0'),
    ('LC019', 'Bác sĩ', 'CH005', '0'),
    ('LC020', 'Giáo viên', 'CH005', '0'),
    ('LC021', 'Nhân viên ngân hàng', 'CH006', '1'),
    ('LC022', 'Kỹ sư', 'CH006', '0'),
    ('LC023', 'Học sinh', 'CH006', '0'),
    ('LC024', 'Công nhân', 'CH006', '0'),
    ('LC025', 'ひとつ', 'CH007', '1'),
    ('LC026', 'ふたつ', 'CH007', '0'),
    ('LC027', 'いちつ', 'CH007', '0'),
    ('LC028', 'ひと', 'CH007', '0'),
    ('LC029', 'みっつ', 'CH008', '1'),
    ('LC030', 'よっつ', 'CH008', '0'),
    ('LC031', 'むっつ', 'CH008', '0'),
    ('LC032', 'さんつ', 'CH008', '0'),
    ('LC033', 'Nhật Bản', 'CH009', '1'),
    ('LC034', 'Việt Nam', 'CH009', '0'),
    ('LC035', 'Trung Quốc', 'CH009', '0'),
    ('LC036', 'Hàn Quốc', 'CH009', '0'),
    ('LC037', 'Đất nước (của bạn)', 'CH010', '1'),
    ('LC038', 'Công ty', 'CH010', '0'),
    ('LC039', 'Gia đình', 'CH010', '0'),
    ('LC040', 'Trường học', 'CH010', '0'),
    ('LC041', 'Ăn', 'CH011', '1'),
    ('LC042', 'Uống', 'CH011', '0'),
    ('LC043', 'Ngủ', 'CH011', '0'),
    ('LC044', 'Đi', 'CH011', '0'),
    ('LC045', 'Uống', 'CH012', '1'),
    ('LC046', 'Ăn', 'CH012', '0'),
    ('LC047', 'Đọc', 'CH012', '0'),
    ('LC048', 'Viết', 'CH012', '0'),
    ('LC049', 'にほんじん', 'CH013', '1'),
    ('LC050', 'にほんひと', 'CH013', '0'),
    ('LC051', 'にっぽんじん', 'CH013', '0'),
    ('LC052', 'ににん', 'CH013', '0'),
    ('LC053', 'ほん', 'CH014', '1'),
    ('LC054', 'もと', 'CH014', '0'),
    ('LC055', 'ぽん', 'CH014', '0'),
    ('LC056', 'ぼん', 'CH014', '0'),
    ('LC057', 'Đi', 'CH015', '1'),
    ('LC058', 'Đến', 'CH015', '0'),
    ('LC059', 'Về', 'CH015', '0'),
    ('LC060', 'Chạy', 'CH015', '0'),
    ('LC061', 'Đến', 'CH016', '1'),
    ('LC062', 'Đi', 'CH016', '0'),
    ('LC063', 'Về', 'CH016', '0'),
    ('LC064', 'Nghỉ', 'CH016', '0'),
    ('LC065', 'たべる', 'CH017', '1'),
    ('LC066', 'しょくべる', 'CH017', '0'),
    ('LC067', 'のめる', 'CH017', '0'),
    ('LC068', 'たまる', 'CH017', '0'),
    ('LC069', 'いく', 'CH018', '1'),
    ('LC070', 'こうく', 'CH018', '0'),
    ('LC071', 'ぎょうく', 'CH018', '0'),
    ('LC072', 'らく', 'CH018', '0'),
    ('LC073', 'Trường học', 'CH019', '1'),
    ('LC074', 'Bệnh viện', 'CH019', '0'),
    ('LC075', 'Ngân hàng', 'CH019', '0'),
    ('LC076', 'Công ty', 'CH019', '0'),
    ('LC077', 'Học tập', 'CH020', '1'),
    ('LC078', 'Làm việc', 'CH020', '0'),
    ('LC079', 'Vui chơi', 'CH020', '0'),
    ('LC080', 'Nghỉ ngơi', 'CH020', '0');

INSERT INTO CHITIETLAMBAI (CTLamBaiID, LamBaiID, CauHoiID, LuaChonID, LaDung) 
VALUES 
    (1, 2, 'CH003', 'LC009', '1'),
    (2, 2, 'CH004', 'LC015', '0'),
    (3, 1, 'CH001', 'LC001', '1'),
    (4, 1, 'CH002', 'LC005', '1'),
    (5, 3, 'CH001', 'LC001', '1'),
    (6, 3, 'CH002', 'LC005', '1'),
    (7, 4, 'CH003', 'LC009', '1'),
    (8, 4, 'CH004', 'LC013', '1'),
    (9, 5, 'CH007', 'LC025', '1'),
    (10, 5, 'CH008', 'LC032', '0');
